label,example
BOD,1959-03-16T00:00:00
BOD,December/75
BOD,02/13/1990
BOD,1978-02-25T00:00:00
BOD,06/23/1944
BUILDING,579
BUILDING,297
BUILDING,12
BUILDING,455
BUILDING,487
CITY,Horsham
CITY,Villarejo de Salvanés
CITY,Penn Valley
CITY,Cambridge Stow cum Quy
CITY,Castuera
COUNTRY,ES
COUNTRY,United States
COUNTRY,España
COUNTRY,GB
COUNTRY,US
DATE,December/56
DATE,23rd February 2036
DATE,2018-09-06
DATE,14/06/1976
DATE,19/01/2051
DRIVERLICENSE,07891576
DRIVERLICENSE,95922712
DRIVERLICENSE,95922712
DRIVERLICENSE,YIHAN.701230.YB.341
DRIVERLICENSE,MATI9-054221-9-930
EMAIL,1951dietmar.olloz@outlook.com
EMAIL,zillah.bilinski16@outlook.com
EMAIL,tom@ema
EMAIL,tom@email.com
EMAIL,lekubach@gmail.com
GEOCOORD,"[29.335, -98.31852]"
GEOCOORD,"[33.1, -97.525]"
GEOCOORD,"[52.49, -1.00178]"
GEOCOORD,"[26.3, -80.62]"
GEOCOORD,"[51.17547, -0.64331]"
GIVENNAME1,Franky
GIVENNAME1,"Tom"", """
GIVENNAME1,"Alice"", """
GIVENNAME1,"Bob"", ""si"
GIVENNAME1,Berkcan
GIVENNAME2,Hilin
GIVENNAME2,Jan-Michel
GIVENNAME2,Wenhua
GIVENNAME2,Mendehije
GIVENNAME2,Niayesh
IDCARD,MWT
IDCARD,42256612085
IDCARD,N6621850L
IDCARD,HJ75834WH
IDCARD,NJ78624JM
IP,78.250.159.221
IP,114.17.69.48
IP,30.19.34.232
IP,1fdb:5c99:7a40:d675:231e:57f9:7e92:7a1
IP,103.227.250.149
LASTNAME1,Trovato
LASTNAME1,Millwisch
LASTNAME1,Elsherbiny
LASTNAME1,Rinderknecht
LASTNAME1,Przulj
LASTNAME2,Rzepka
LASTNAME2,Wyrostek
LASTNAME2,Sudta
LASTNAME2,Kubach
LASTNAME2,Dellamonica
LASTNAME3,Aggravi
LASTNAME3,Malvaux
LASTNAME3,Tschuppert
LASTNAME3,Tschuppert
LASTNAME3,Causetti
PASS,p~5:J
PASS,w1W2lz+?:NF
PASS,=5l0Le+
PASS,EJj4b!9HT$a
PASS,"1IC|]AqD""0"
PASSPORT,EIB429113
PASSPORT,180695111
PASSPORT,536364207
PASSPORT,937886403
PASSPORT,854114148
POSTCODE,28590
POSTCODE,98922
POSTCODE,CB25 9AU
POSTCODE,06420
POSTCODE,40391
SECADDRESS,Penthouse 141
SECADDRESS,Co-op 375
SECADDRESS,Dept 640
SECADDRESS,Maisonette 690
SECADDRESS,Floor 96
SEX,Female
SEX,Masculine
SEX,Masculine
SEX,F
SEX,F
SOCIALNUMBER,077-697-1458
SOCIALNUMBER,678 004 0562
SOCIALNUMBER,2 67 10 07144 514 75
SOCIALNUMBER,7964096716
SOCIALNUMBER,180-65-6488
STATE,MD
STATE,CA
STATE,ENG
STATE,EX
STATE,ENG
STREET,Camino del Mojón del Rey
STREET,Spenceville Road
STREET,Colliers Lane
STREET,Camino de Castuera
STREET,Sycamore Trail
TEL,0337-99245647
TEL,+4-293 529.3009
TEL,+1-123-
TEL,043.383.1771
TEL,0907-40450647
TIME,21
TIME,3 PM
TIME,8:38pm
TIME,3:28 PM
TIME,13 o'clock
TITLE,Pastor
TITLE,Sel
TITLE,President
TITLE,Duchess
TITLE,Mrs
USERNAME,cvijetozar.gänzle
USERNAME,K01
USERNAME,priyawiec55
USERNAME,zapscpunbse7995
USERNAME,guzircanin
