dataset,record_id,first_span_index,second_span_index,relation,first_label,second_label,first_range,second_range
development,development-00011,1,2,overlap,EMAIL,EMAIL,210:217,210:223
development,development-00162,14,15,overlap,TIME,LASTNAME1,300:333,315:342
development,development-00162,14,16,overlap,TIME,SEX,300:333,328:365
development,development-00162,15,16,overlap,LASTNAME1,SEX,315:342,328:365
development,development-00162,16,17,overlap,SEX,BOD,328:365,343:382
development,development-00162,17,18,overlap,BOD,LASTNAME1,343:382,366:384
development,development-00162,17,19,overlap,BOD,SEX,343:382,377:410
development,development-00162,18,19,overlap,LASTNAME1,SEX,366:384,377:410
development,development-00405,13,14,overlap,LASTNAME3,TITLE,169:187,177:200
development,development-00405,13,15,overlap,LASTNAME3,LASTNAME1,169:187,181:212
development,development-00405,14,15,overlap,TITLE,LASTNAME1,177:200,181:212
development,development-00405,14,16,overlap,TITLE,LASTNAME2,177:200,190:235
development,development-00405,15,16,overlap,LASTNAME1,LASTNAME2,181:212,190:235
development,development-00405,15,17,overlap,LASTNAME1,LASTNAME3,181:212,201:258
development,development-00405,16,17,overlap,LASTNAME2,LASTNAME3,190:235,201:258
development,development-00543,0,1,overlap,SOCIALNUMBER,DRIVERLICENSE,145:192,157:202
development,development-00543,0,2,overlap,SOCIALNUMBER,COUNTRY,145:192,178:192
development,development-00543,1,2,overlap,DRIVERLICENSE,COUNTRY,157:202,178:192
development,development-00563,0,1,overlap,GIVENNAME1,TITLE,126:142,126:134
development,development-00563,0,2,overlap,GIVENNAME1,TIME,126:142,138:146
development,development-00563,3,4,overlap,GIVENNAME1,TITLE,386:399,386:391
development,development-00563,3,5,overlap,GIVENNAME1,TIME,386:399,395:402
development,development-00574,0,1,overlap,TITLE,PASSPORT,73:125,105:144
development,development-00574,1,2,overlap,PASSPORT,PASS,105:144,133:192
development,development-00574,2,3,overlap,PASS,TITLE,133:192,175:411
development,development-00574,3,4,overlap,TITLE,TIME,175:411,398:437
development,development-00597,0,1,overlap,TIME,PASSPORT,12:462,449:469
development,development-00602,6,7,overlap,CITY,STATE,146:191,181:203
development,development-00602,6,8,overlap,CITY,POSTCODE,146:191,187:233
development,development-00602,7,8,overlap,STATE,POSTCODE,181:203,187:233
development,development-00602,8,9,overlap,POSTCODE,TEL,187:233,214:277
development,development-00602,9,10,overlap,TEL,SECADDRESS,214:277,252:325
development,development-00602,10,11,overlap,SECADDRESS,IP,252:325,282:387
development,development-01189,0,1,overlap,PASSPORT,PASS,25:60,46:86
development,development-01189,1,2,overlap,PASS,TITLE,46:86,73:274
development,development-01189,2,3,overlap,TITLE,TITLE,73:274,255:309
development,development-01189,3,4,overlap,TITLE,PASSPORT,255:309,289:335
development,development-01189,4,5,overlap,PASSPORT,PASS,289:335,317:367
development,development-01471,3,4,overlap,LASTNAME2,DATE,95:431,404:459
development,development-01503,6,7,overlap,PASS,TIME,340:383,368:420
development,development-01503,7,8,overlap,TIME,GIVENNAME1,368:420,401:449
development,development-01503,8,9,overlap,GIVENNAME1,LASTNAME1,401:449,431:497
development,development-01721,0,1,overlap,DATE,TIME,54:82,72:202
development,development-01721,1,2,overlap,TIME,USERNAME,72:202,182:210
frozen_evaluation,frozen_evaluation-00256,0,1,overlap,IP,IP,52:96,79:124
frozen_evaluation,frozen_evaluation-00256,1,2,overlap,IP,IP,79:124,106:153
frozen_evaluation,frozen_evaluation-00256,2,3,overlap,IP,IP,106:153,134:206
frozen_evaluation,frozen_evaluation-00256,3,4,overlap,IP,IP,134:206,163:233
frozen_evaluation,frozen_evaluation-00256,4,5,overlap,IP,IP,163:233,216:287
frozen_evaluation,frozen_evaluation-00256,5,6,overlap,IP,IP,216:287,243:341
frozen_evaluation,frozen_evaluation-00256,6,7,overlap,IP,IP,243:341,297:368
frozen_evaluation,frozen_evaluation-00256,7,8,overlap,IP,IP,297:368,351:421
frozen_evaluation,frozen_evaluation-00632,0,1,overlap,TITLE,TITLE,6:82,69:143
frozen_evaluation,frozen_evaluation-00632,1,2,overlap,TITLE,TITLE,69:143,131:202
frozen_evaluation,frozen_evaluation-00632,2,3,overlap,TITLE,TITLE,131:202,190:253
frozen_evaluation,frozen_evaluation-00632,3,4,overlap,TITLE,TITLE,190:253,242:295
frozen_evaluation,frozen_evaluation-00632,4,5,overlap,TITLE,TITLE,242:295,284:353
frozen_evaluation,frozen_evaluation-00735,7,8,overlap,BOD,PASS,310:361,345:414
frozen_evaluation,frozen_evaluation-00831,0,1,overlap,USERNAME,IDCARD,59:77,59:68
frozen_evaluation,frozen_evaluation-00831,2,3,overlap,USERNAME,IDCARD,225:243,225:234
frozen_evaluation,frozen_evaluation-00831,4,5,overlap,USERNAME,IDCARD,374:397,374:388
frozen_evaluation,frozen_evaluation-01118,1,2,overlap,GIVENNAME1,BOD,178:203,178:197
frozen_evaluation,frozen_evaluation-01118,3,4,overlap,STREET,BUILDING,204:218,204:231
frozen_evaluation,frozen_evaluation-01118,3,5,overlap,STREET,STREET,204:218,209:242
frozen_evaluation,frozen_evaluation-01118,4,5,overlap,BUILDING,STREET,204:231,209:242
frozen_evaluation,frozen_evaluation-01118,4,6,overlap,BUILDING,CITY,204:231,224:248
frozen_evaluation,frozen_evaluation-01118,5,6,overlap,STREET,CITY,209:242,224:248
frozen_evaluation,frozen_evaluation-01118,5,7,overlap,STREET,STATE,209:242,237:261
frozen_evaluation,frozen_evaluation-01118,6,7,overlap,CITY,STATE,224:248,237:261
frozen_evaluation,frozen_evaluation-01118,6,8,overlap,CITY,POSTCODE,224:248,242:264
frozen_evaluation,frozen_evaluation-01118,7,8,overlap,STATE,POSTCODE,237:261,242:264
frozen_evaluation,frozen_evaluation-01118,7,9,overlap,STATE,COUNTRY,237:261,252:254
frozen_evaluation,frozen_evaluation-01118,8,9,overlap,POSTCODE,COUNTRY,242:264,252:254
frozen_evaluation,frozen_evaluation-01118,8,10,overlap,POSTCODE,SECADDRESS,242:264,261:268
frozen_evaluation,frozen_evaluation-01118,12,13,overlap,GIVENNAME1,BOD,318:332,318:326
frozen_evaluation,frozen_evaluation-01118,14,15,overlap,STREET,BUILDING,333:347,333:361
frozen_evaluation,frozen_evaluation-01118,14,16,overlap,STREET,STREET,333:347,338:368
frozen_evaluation,frozen_evaluation-01118,15,16,overlap,BUILDING,STREET,333:361,338:368
frozen_evaluation,frozen_evaluation-01118,15,17,overlap,BUILDING,CITY,333:361,354:374
frozen_evaluation,frozen_evaluation-01118,16,17,overlap,STREET,CITY,338:368,354:374
frozen_evaluation,frozen_evaluation-01118,16,18,overlap,STREET,STATE,338:368,363:382
frozen_evaluation,frozen_evaluation-01118,17,18,overlap,CITY,STATE,354:374,363:382
frozen_evaluation,frozen_evaluation-01118,17,19,overlap,CITY,COUNTRY,354:374,373:387
frozen_evaluation,frozen_evaluation-01118,18,19,overlap,STATE,COUNTRY,363:382,373:387
frozen_evaluation,frozen_evaluation-01222,2,3,overlap,GIVENNAME1,LASTNAME1,85:119,95:127
frozen_evaluation,frozen_evaluation-01222,3,4,overlap,LASTNAME1,SEX,95:127,120:158
frozen_evaluation,frozen_evaluation-01222,4,5,overlap,SEX,EMAIL,120:158,136:208
frozen_evaluation,frozen_evaluation-01222,5,6,overlap,EMAIL,SOCIALNUMBER,136:208,182:244
frozen_evaluation,frozen_evaluation-01222,6,7,overlap,SOCIALNUMBER,DRIVERLICENSE,182:244,219:263
frozen_evaluation,frozen_evaluation-01222,6,8,overlap,SOCIALNUMBER,TEL,182:244,243:292
frozen_evaluation,frozen_evaluation-01222,7,8,overlap,DRIVERLICENSE,TEL,219:263,243:292
frozen_evaluation,frozen_evaluation-01222,8,9,overlap,TEL,PASS,243:292,275:325
frozen_evaluation,frozen_evaluation-01222,9,10,overlap,PASS,DATE,275:325,307:353
frozen_evaluation,frozen_evaluation-01372,7,8,overlap,TIME,GIVENNAME1,318:374,356:430
frozen_evaluation,frozen_evaluation-01664,3,4,overlap,GIVENNAME1,TIME,134:211,201:243
frozen_evaluation,frozen_evaluation-01664,4,5,overlap,TIME,STREET,201:243,218:283
frozen_evaluation,frozen_evaluation-01805,0,1,overlap,USERNAME,USERNAME,28:184,161:177
frozen_evaluation,frozen_evaluation-01805,0,2,overlap,USERNAME,USERNAME,28:184,161:187
frozen_evaluation,frozen_evaluation-01805,1,2,overlap,USERNAME,USERNAME,161:177,161:187
frozen_evaluation,frozen_evaluation-01941,6,7,overlap,PASS,USERNAME,179:191,189:241
frozen_evaluation,frozen_evaluation-01941,7,8,overlap,USERNAME,EMAIL,189:241,219:262
frozen_evaluation,frozen_evaluation-01941,7,9,overlap,USERNAME,SOCIALNUMBER,189:241,236:270
frozen_evaluation,frozen_evaluation-01941,8,9,overlap,EMAIL,SOCIALNUMBER,219:262,236:270
frozen_evaluation,frozen_evaluation-01941,8,10,overlap,EMAIL,PASSPORT,219:262,250:284
frozen_evaluation,frozen_evaluation-01941,9,10,overlap,SOCIALNUMBER,PASSPORT,236:270,250:284
frozen_evaluation,frozen_evaluation-01941,9,11,overlap,SOCIALNUMBER,TEL,236:270,262:300
frozen_evaluation,frozen_evaluation-01941,10,11,overlap,PASSPORT,TEL,250:284,262:300
frozen_evaluation,frozen_evaluation-01941,10,12,overlap,PASSPORT,IP,250:284,281:320
frozen_evaluation,frozen_evaluation-01941,11,12,overlap,TEL,IP,262:300,281:320
frozen_evaluation,frozen_evaluation-01941,11,13,overlap,TEL,PASS,262:300,298:354
frozen_evaluation,frozen_evaluation-01941,12,13,overlap,IP,PASS,281:320,298:354
frozen_evaluation,frozen_evaluation-01941,13,14,overlap,PASS,POSTCODE,298:354,337:368
frozen_evaluation,frozen_evaluation-02387,0,1,overlap,LASTNAME1,IP,39:164,120:207
frozen_evaluation,frozen_evaluation-02542,2,3,overlap,TIME,GIVENNAME1,97:145,125:194
frozen_evaluation,frozen_evaluation-02542,3,4,overlap,GIVENNAME1,PASS,125:194,182:249
frozen_evaluation,frozen_evaluation-02542,4,5,overlap,PASS,PASS,182:249,237:311
frozen_evaluation,frozen_evaluation-02542,5,6,overlap,PASS,PASS,237:311,292:370
frozen_evaluation,frozen_evaluation-02567,1,2,overlap,IDCARD,IDCARD,182:200,182:191
frozen_evaluation,frozen_evaluation-02642,0,1,overlap,DRIVERLICENSE,COUNTRY,54:108,85:170
frozen_evaluation,frozen_evaluation-02642,1,2,overlap,COUNTRY,BUILDING,85:170,156:202
frozen_evaluation,frozen_evaluation-02642,2,3,overlap,BUILDING,STREET,156:202,181:240
frozen_evaluation,frozen_evaluation-02642,3,4,overlap,STREET,CITY,181:240,213:264
frozen_evaluation,frozen_evaluation-02642,4,5,overlap,CITY,STATE,213:264,254:296
frozen_evaluation,frozen_evaluation-02642,5,6,overlap,STATE,POSTCODE,254:296,280:355
frozen_evaluation,frozen_evaluation-02642,6,7,overlap,POSTCODE,TIME,280:355,342:381
frozen_evaluation,frozen_evaluation-02642,7,8,overlap,TIME,CITY,342:381,363:414
