typed_threshold,abstain_threshold,exact_typed_recall,exact_typed_precision,exact_protective_recall,exact_protective_precision,overlap_typed_recall,overlap_typed_precision,overlap_protective_recall,overlap_protective_precision,abstention_rate,records,gold_spans,predicted_spans,excluded_gold_spans,invalid_gold_spans,unmapped_gold_spans,overlap_typed_recall_ADDRESS,overlap_typed_recall_EMAIL,overlap_typed_recall_FINANCIAL,overlap_typed_recall_GOVERNMENT_ID,overlap_typed_recall_IP_ADDRESS,overlap_typed_recall_PERSON,overlap_typed_recall_PHONE
0.45,0.2,0.11784095591264936,0.21928311290013416,0.21054800164812526,0.29644670050761424,0.17820354346930367,0.3316082039486295,0.32210548001648126,0.4535170413343002,0.24336475707034083,2000,9708,6895,4627,1,0,0.1610951008645533,0.0,1.0,0.0,0.0,0.7215033887861984,0.0
0.45,0.25,0.11784095591264936,0.21928311290013416,0.20261639884631233,0.3022433927473878,0.17820354346930367,0.3316082039486295,0.30902348578491967,0.46097111247695144,0.19837123540258145,2000,9708,6508,4627,1,0,0.1610951008645533,0.0,1.0,0.0,0.0,0.7215033887861984,0.0
0.45,0.3,0.11784095591264936,0.21928311290013416,0.19633292130201896,0.3095663472470359,0.17820354346930367,0.3316082039486295,0.2976926246394726,0.4693844404742569,0.15267175572519084,2000,9708,6157,4627,1,0,0.1610951008645533,0.0,1.0,0.0,0.0,0.7215033887861984,0.0
0.45,0.35,0.11784095591264936,0.21928311290013416,0.18912237330037082,0.31513903192584963,0.17820354346930367,0.3316082039486295,0.2860527400082406,0.4766563680054926,0.10453141091658084,2000,9708,5826,4627,1,0,0.1610951008645533,0.0,1.0,0.0,0.0,0.7215033887861984,0.0
0.45,0.4,0.11784095591264936,0.21928311290013416,0.18139678615574784,0.3200072687624932,0.17820354346930367,0.3316082039486295,0.2746188710341986,0.48446302017081594,0.051971651826276576,2000,9708,5503,4627,1,0,0.1610951008645533,0.0,1.0,0.0,0.0,0.7215033887861984,0.0
0.5,0.2,0.11526576019777503,0.2261519805982215,0.21054800164812526,0.29644670050761424,0.17439225381128967,0.3421584478577203,0.32210548001648126,0.4535170413343002,0.28237853517041334,2000,9708,6895,4627,1,0,0.15446685878962535,0.0,1.0,0.0,0.0,0.7128773875539125,0.0
0.5,0.25,0.11526576019777503,0.2261519805982215,0.20261639884631233,0.3022433927473878,0.17439225381128967,0.3421584478577203,0.30902348578491967,0.46097111247695144,0.23970497848801475,2000,9708,6508,4627,1,0,0.15446685878962535,0.0,1.0,0.0,0.0,0.7128773875539125,0.0
0.5,0.3,0.11526576019777503,0.2261519805982215,0.19633292130201896,0.3095663472470359,0.17439225381128967,0.3421584478577203,0.2976926246394726,0.4693844404742569,0.19636186454442098,2000,9708,6157,4627,1,0,0.15446685878962535,0.0,1.0,0.0,0.0,0.7128773875539125,0.0
0.5,0.35,0.11526576019777503,0.2261519805982215,0.18912237330037082,0.31513903192584963,0.17439225381128967,0.3421584478577203,0.2860527400082406,0.4766563680054926,0.15070374184689322,2000,9708,5826,4627,1,0,0.15446685878962535,0.0,1.0,0.0,0.0,0.7128773875539125,0.0
0.5,0.4,0.11526576019777503,0.2261519805982215,0.18139678615574784,0.3200072687624932,0.17439225381128967,0.3421584478577203,0.2746188710341986,0.48446302017081594,0.1008540795929493,2000,9708,5503,4627,1,0,0.15446685878962535,0.0,1.0,0.0,0.0,0.7128773875539125,0.0
0.55,0.2,0.11135146271116605,0.23217353951890035,0.21054800164812526,0.29644670050761424,0.16800576843840132,0.35030068728522334,0.32210548001648126,0.4535170413343002,0.3247280638143582,2000,9708,6895,4627,1,0,0.1440922190201729,0.0,1.0,0.0,0.0,0.6968576709796673,0.0
0.55,0.25,0.11135146271116605,0.23217353951890035,0.20261639884631233,0.3022433927473878,0.16800576843840132,0.35030068728522334,0.30902348578491967,0.46097111247695144,0.28457283343577133,2000,9708,6508,4627,1,0,0.1440922190201729,0.0,1.0,0.0,0.0,0.6968576709796673,0.0
0.55,0.3,0.11135146271116605,0.23217353951890035,0.19633292130201896,0.3095663472470359,0.16800576843840132,0.35030068728522334,0.2976926246394726,0.4693844404742569,0.243787558876076,2000,9708,6157,4627,1,0,0.1440922190201729,0.0,1.0,0.0,0.0,0.6968576709796673,0.0
0.55,0.35,0.11135146271116605,0.23217353951890035,0.18912237330037082,0.31513903192584963,0.16800576843840132,0.35030068728522334,0.2860527400082406,0.4766563680054926,0.2008238928939238,2000,9708,5826,4627,1,0,0.1440922190201729,0.0,1.0,0.0,0.0,0.6968576709796673,0.0
0.55,0.4,0.11135146271116605,0.23217353951890035,0.18139678615574784,0.3200072687624932,0.16800576843840132,0.35030068728522334,0.2746188710341986,0.48446302017081594,0.1539160457932037,2000,9708,5503,4627,1,0,0.1440922190201729,0.0,1.0,0.0,0.0,0.6968576709796673,0.0
0.6,0.2,0.10723114956736712,0.23816060398078243,0.21054800164812526,0.29644670050761424,0.1619283065512979,0.35964310226492796,0.32210548001648126,0.4535170413343002,0.3660623640319072,2000,9708,6895,4627,1,0,0.1351585014409222,0.0,1.0,0.0,0.0,0.6796056685150955,0.0
0.6,0.25,0.10723114956736712,0.23816060398078243,0.20261639884631233,0.3022433927473878,0.1619283065512979,0.35964310226492796,0.30902348578491967,0.46097111247695144,0.32836508912108175,2000,9708,6508,4627,1,0,0.1351585014409222,0.0,1.0,0.0,0.0,0.6796056685150955,0.0
0.6,0.3,0.10723114956736712,0.23816060398078243,0.19633292130201896,0.3095663472470359,0.1619283065512979,0.35964310226492796,0.2976926246394726,0.4693844404742569,0.2900763358778626,2000,9708,6157,4627,1,0,0.1351585014409222,0.0,1.0,0.0,0.0,0.6796056685150955,0.0
0.6,0.35,0.10723114956736712,0.23816060398078243,0.18912237330037082,0.31513903192584963,0.1619283065512979,0.35964310226492796,0.2860527400082406,0.4766563680054926,0.24974253347064881,2000,9708,5826,4627,1,0,0.1351585014409222,0.0,1.0,0.0,0.0,0.6796056685150955,0.0
0.6,0.4,0.10723114956736712,0.23816060398078243,0.18139678615574784,0.3200072687624932,0.1619283065512979,0.35964310226492796,0.2746188710341986,0.48446302017081594,0.20570597855715064,2000,9708,5503,4627,1,0,0.1351585014409222,0.0,1.0,0.0,0.0,0.6796056685150955,0.0
0.65,0.2,0.10280181293778327,0.24472780774889652,0.21054800164812526,0.29644670050761424,0.15605686032138444,0.37150564001961744,0.32210548001648126,0.4535170413343002,0.4085569253081943,2000,9708,6895,4627,1,0,0.12708933717579252,0.0,1.0,0.0,0.0,0.6617375231053605,0.0
0.65,0.25,0.10280181293778327,0.24472780774889652,0.20261639884631233,0.3022433927473878,0.15605686032138444,0.37150564001961744,0.30902348578491967,0.46097111247695144,0.37338660110633065,2000,9708,6508,4627,1,0,0.12708933717579252,0.0,1.0,0.0,0.0,0.6617375231053605,0.0
0.65,0.3,0.10280181293778327,0.24472780774889652,0.19633292130201896,0.3095663472470359,0.15605686032138444,0.37150564001961744,0.2976926246394726,0.4693844404742569,0.3376644469709274,2000,9708,6157,4627,1,0,0.12708933717579252,0.0,1.0,0.0,0.0,0.6617375231053605,0.0
0.65,0.35,0.10280181293778327,0.24472780774889652,0.18912237330037082,0.31513903192584963,0.15605686032138444,0.37150564001961744,0.2860527400082406,0.4766563680054926,0.3000343288705802,2000,9708,5826,4627,1,0,0.12708933717579252,0.0,1.0,0.0,0.0,0.6617375231053605,0.0
0.65,0.4,0.10280181293778327,0.24472780774889652,0.18139678615574784,0.3200072687624932,0.15605686032138444,0.37150564001961744,0.2746188710341986,0.48446302017081594,0.25894966381973467,2000,9708,5503,4627,1,0,0.12708933717579252,0.0,1.0,0.0,0.0,0.6617375231053605,0.0
0.7,0.2,0.09868149979398434,0.25411140583554376,0.21054800164812526,0.29644670050761424,0.1503914297486609,0.38726790450928383,0.32210548001648126,0.4535170413343002,0.45322697606961565,2000,9708,6895,4627,1,0,0.11815561959654179,0.0,1.0,0.0,0.0,0.6469500924214417,0.0
0.7,0.25,0.09868149979398434,0.25411140583554376,0.20261639884631233,0.3022433927473878,0.1503914297486609,0.38726790450928383,0.30902348578491967,0.46097111247695144,0.42071296865396435,2000,9708,6508,4627,1,0,0.11815561959654179,0.0,1.0,0.0,0.0,0.6469500924214417,0.0
0.7,0.3,0.09868149979398434,0.25411140583554376,0.19633292130201896,0.3095663472470359,0.1503914297486609,0.38726790450928383,0.2976926246394726,0.4693844404742569,0.38768880948513884,2000,9708,6157,4627,1,0,0.11815561959654179,0.0,1.0,0.0,0.0,0.6469500924214417,0.0
0.7,0.35,0.09868149979398434,0.25411140583554376,0.18912237330037082,0.31513903192584963,0.1503914297486609,0.38726790450928383,0.2860527400082406,0.4766563680054926,0.3529007895640233,2000,9708,5826,4627,1,0,0.11815561959654179,0.0,1.0,0.0,0.0,0.6469500924214417,0.0
0.7,0.4,0.09868149979398434,0.25411140583554376,0.18139678615574784,0.3200072687624932,0.1503914297486609,0.38726790450928383,0.2746188710341986,0.48446302017081594,0.3149191350172633,2000,9708,5503,4627,1,0,0.11815561959654179,0.0,1.0,0.0,0.0,0.6469500924214417,0.0
