dataset,system,category,count
AI4Privacy frozen,Presidio-only,boundary_shifted,2
AI4Privacy frozen,Presidio-only,boundary_too_long,18
AI4Privacy frozen,Presidio-only,boundary_too_short,112
AI4Privacy frozen,Presidio-only,false_positive,105
AI4Privacy frozen,Presidio-only,label_error,628
AI4Privacy frozen,Presidio-only,merged_entities,12
AI4Privacy frozen,Presidio-only,missed_gold,11473
AI4Privacy frozen,Presidio-only,overlap_wrong_label,181
AI4Privacy frozen,Presidio-only,split_entity,10
AI4Privacy frozen,GLiNER-only,boundary_shifted,1
AI4Privacy frozen,GLiNER-only,boundary_too_long,2175
AI4Privacy frozen,GLiNER-only,boundary_too_short,11
AI4Privacy frozen,GLiNER-only,correct_range_abstained,250
AI4Privacy frozen,GLiNER-only,false_positive,4397
AI4Privacy frozen,GLiNER-only,label_error,686
AI4Privacy frozen,GLiNER-only,merged_entities,627
AI4Privacy frozen,GLiNER-only,missed_gold,9261
AI4Privacy frozen,GLiNER-only,overlap_abstained,155
AI4Privacy frozen,GLiNER-only,overlap_wrong_label,442
AI4Privacy frozen,GLiNER-only,split_entity,8
AI4Privacy frozen,Hybrid,boundary_shifted,3
AI4Privacy frozen,Hybrid,boundary_too_long,2193
AI4Privacy frozen,Hybrid,boundary_too_short,121
AI4Privacy frozen,Hybrid,correct_range_abstained,221
AI4Privacy frozen,Hybrid,false_positive,4491
AI4Privacy frozen,Hybrid,label_error,1255
AI4Privacy frozen,Hybrid,merged_entities,639
AI4Privacy frozen,Hybrid,missed_gold,6409
AI4Privacy frozen,Hybrid,overlap_abstained,93
AI4Privacy frozen,Hybrid,overlap_wrong_label,428
AI4Privacy frozen,Hybrid,split_entity,20
Singapore stress,Presidio-only,boundary_too_short,9
Singapore stress,Presidio-only,missed_gold,21
Singapore stress,Presidio-only,split_entity,6
Singapore stress,GLiNER-only,correct_range_abstained,1
Singapore stress,GLiNER-only,false_positive,9
Singapore stress,GLiNER-only,label_error,1
Singapore stress,GLiNER-only,missed_gold,23
Singapore stress,GLiNER-only,overlap_wrong_label,1
Singapore stress,Hybrid,boundary_too_short,1
Singapore stress,Hybrid,false_positive,9
Singapore stress,Hybrid,label_error,1
Singapore stress,Hybrid,missed_gold,2
Singapore stress,Hybrid,split_entity,1
