dataset,system,label,gold_spans,typed_predictions,protective_predictions,exact_typed_recall,exact_protective_recall,overlap_typed_recall,overlap_protective_recall,exact_typed_precision,overlap_typed_precision
AI4Privacy frozen,Presidio-only,ADDRESS,5179,5,5,0.0,0.0,0.0,0.0,0.0,0.0
AI4Privacy frozen,Presidio-only,EMAIL,1092,1140,1140,0.989010989010989,0.989010989010989,0.9954212454212454,0.9954212454212454,0.9473684210526315,0.9535087719298245
AI4Privacy frozen,Presidio-only,FINANCIAL,0,8,8,0.0,0.0,0.0,0.0,0.0,0.0
AI4Privacy frozen,Presidio-only,GOVERNMENT_ID,4107,0,0,0.0,0.0,0.0,0.0,0.0,0.0
AI4Privacy frozen,Presidio-only,IP_ADDRESS,980,985,985,0.9775510204081632,0.9775510204081632,0.9887755102040816,0.9887755102040816,0.9725888324873097,0.983756345177665
AI4Privacy frozen,Presidio-only,PERSON,2560,0,0,0.0,0.0,0.0,0.0,0.0,0.0
AI4Privacy frozen,Presidio-only,PHONE,767,1175,1175,0.30378096479791394,0.30378096479791394,0.45241199478487615,0.45241199478487615,0.19829787234042554,0.29531914893617023
AI4Privacy frozen,GLiNER-only,ADDRESS,5179,852,1026,0.08650318594323228,0.10137092102722534,0.14925661324580033,0.17474415910407415,0.5258215962441315,0.9072769953051644
AI4Privacy frozen,GLiNER-only,EMAIL,1092,0,0,0.0,0.0,0.0,0.0,0.0,0.0
AI4Privacy frozen,GLiNER-only,GOVERNMENT_ID,4107,0,0,0.0,0.0,0.0,0.0,0.0,0.0
AI4Privacy frozen,GLiNER-only,IP_ADDRESS,980,0,0,0.0,0.0,0.0,0.0,0.0,0.0
AI4Privacy frozen,GLiNER-only,LOCATION,0,860,1045,0.0,0.0,0.0,0.0,0.0,0.0
AI4Privacy frozen,GLiNER-only,ORGANIZATION,0,903,1118,0.0,0.0,0.0,0.0,0.0,0.0
AI4Privacy frozen,GLiNER-only,PERSON,2560,4663,5334,0.490625,0.50625,0.70703125,0.73359375,0.26935449281578383,0.38816212738580314
AI4Privacy frozen,GLiNER-only,PHONE,767,0,0,0.0,0.0,0.0,0.0,0.0,0.0
AI4Privacy frozen,Hybrid,ADDRESS,5179,856,1023,0.08650318594323228,0.10137092102722534,0.14925661324580033,0.17474415910407415,0.5233644859813084,0.9030373831775701
AI4Privacy frozen,Hybrid,EMAIL,1092,1140,1140,0.989010989010989,0.989010989010989,0.9954212454212454,0.9954212454212454,0.9473684210526315,0.9535087719298245
AI4Privacy frozen,Hybrid,FINANCIAL,0,8,8,0.0,0.0,0.0,0.0,0.0,0.0
AI4Privacy frozen,Hybrid,GOVERNMENT_ID,4107,0,0,0.0,0.0,0.0,0.0,0.0,0.0
AI4Privacy frozen,Hybrid,IP_ADDRESS,980,975,975,0.9673469387755103,0.9673469387755103,0.9785714285714285,0.9785714285714285,0.9723076923076923,0.9835897435897436
AI4Privacy frozen,Hybrid,LOCATION,0,860,1045,0.0,0.0,0.0,0.0,0.0,0.0
AI4Privacy frozen,Hybrid,ORGANIZATION,0,898,1107,0.0,0.0,0.0,0.0,0.0,0.0
AI4Privacy frozen,Hybrid,PERSON,2560,4431,5022,0.490234375,0.505859375,0.706640625,0.733203125,0.2832317761227714,0.4082599864590386
AI4Privacy frozen,Hybrid,PHONE,767,1147,1147,0.3011734028683181,0.3011734028683181,0.4471968709256845,0.4471968709256845,0.2013949433304272,0.2990409764603313
Singapore stress,Presidio-only,ADDRESS,11,17,17,0.18181818181818182,0.18181818181818182,1.0,1.0,0.11764705882352941,0.6470588235294118
Singapore stress,Presidio-only,EMAIL,7,6,6,0.8571428571428571,0.8571428571428571,0.8571428571428571,0.8571428571428571,1.0,1.0
Singapore stress,Presidio-only,GOVERNMENT_ID,5,5,5,1.0,1.0,1.0,1.0,1.0,1.0
Singapore stress,Presidio-only,PERSON,18,0,0,0.0,0.0,0.0,0.0,0.0,0.0
Singapore stress,Presidio-only,PHONE,12,10,10,0.8333333333333334,0.8333333333333334,0.8333333333333334,0.8333333333333334,1.0,1.0
Singapore stress,GLiNER-only,ADDRESS,11,9,9,0.8181818181818182,0.8181818181818182,0.8181818181818182,0.8181818181818182,1.0,1.0
Singapore stress,GLiNER-only,EMAIL,7,0,0,0.0,0.0,0.0,0.0,0.0,0.0
Singapore stress,GLiNER-only,GOVERNMENT_ID,5,0,0,0.0,0.0,0.0,0.0,0.0,0.0
Singapore stress,GLiNER-only,LOCATION,0,0,1,0.0,0.0,0.0,0.0,0.0,0.0
Singapore stress,GLiNER-only,ORGANIZATION,0,1,2,0.0,0.0,0.0,0.0,0.0,0.0
Singapore stress,GLiNER-only,PERSON,18,27,27,1.0,1.0,1.0,1.0,0.6666666666666666,0.6666666666666666
Singapore stress,GLiNER-only,PHONE,12,0,0,0.0,0.0,0.0,0.0,0.0,0.0
Singapore stress,Hybrid,ADDRESS,11,12,12,0.9090909090909091,0.9090909090909091,1.0,1.0,0.8333333333333334,0.9166666666666666
Singapore stress,Hybrid,EMAIL,7,6,6,0.8571428571428571,0.8571428571428571,0.8571428571428571,0.8571428571428571,1.0,1.0
Singapore stress,Hybrid,GOVERNMENT_ID,5,5,5,1.0,1.0,1.0,1.0,1.0,1.0
Singapore stress,Hybrid,ORGANIZATION,0,0,1,0.0,0.0,0.0,0.0,0.0,0.0
Singapore stress,Hybrid,PERSON,18,27,27,1.0,1.0,1.0,1.0,0.6666666666666666,0.6666666666666666
Singapore stress,Hybrid,PHONE,12,10,10,0.8333333333333334,0.8333333333333334,0.8333333333333334,0.8333333333333334,1.0,1.0
